entry_id,year_from,year_to,poll,entry_name
23,-1200.0,-1045.0,Religious Group (v5),Late Shang Religion
173,90.0,120.0,Religious Group (v5),Johannine Christianity
174,50.0,160.0,Religious Group (v5),Matthew-James-Didache Movement
176,-150.0,68.0,Religious Group (v5),Qumran Movement
178,-206.0,220.0,Religious Group (v5),Ancestral Cult of the Han
180,-350.0,200.0,Religious Group (v5),Chinese Folk Religion
182,48.0,56.0,Religious Group (v5),Pauline Christianity
184,386.0,534.0,Religious Group (v5),Chinese Buddhism (Northern Wei)
185,1936.0,2013.0,Religious Group (v5),Shinnyo-en
186,1590.0,1644.0,Religious Group (v5),Buddhism (Late Ming)
187,-1750.0,-850.0,Religious Group (v5),Chinese State Religion (Shang and Western Zhou)
189,-1200.0,-400.0,Religious Group (v5),Israelite Religion
190,1948.0,2015.0,Religious Group (v5),Sri Lankan Buddhism (1948-Present)
193,2000.0,2013.0,Religious Group (v5),Fijian Religion (contemporary)
195,500.0,1100.0,Religious Group (v5),Shakta Religion
196,45.0,60.0,Religious Group (v5),Pauline Christianity (ca. 45-60 CE)
197,1604.0,1958.0,Religious Group (v5),Gönlung Monastery (dgon lung byams pa gling)
199,100.0,400.0,Religious Group (v5),Mithraism
200,1650.0,1850.0,Religious Group (v5),Nechung Cult
201,-500.0,500.0,Religious Group (v5),Mediterranean
202,-1046.0,-771.0,Religious Group (v5),Early Zhou Religion
203,-790.0,-223.0,Religious Group (v5),Pre-imperial Chu Religion
204,-206.0,220.0,Religious Group (v5),Han Confucianism
209,-2000.0,-30.0,Religious Group (v5),Ancient Egypt
211,-1350.0,-1320.0,Religious Group (v5),Amarna Religion
212,-481.0,-206.0,Religious Group (v5),Warring States (China) Religion
217,-202.0,-44.0,Religious Group (v5),Roman private religion
224,600.0,1100.0,Religious Group (v5),Old Norse Fornsed
227,1980.0,2000.0,Religious Group (v5),Hindu Goddess Worship in Northwest India—Modern Period
228,1600.0,1900.0,Religious Group (v5),Late Chosŏn Korea
230,-3300.0,-539.0,Religious Group (v5),Religion in Mesopotamia
231,-600.0,-202.0,Religious Group (v5),Roman private religion
240,775.0,960.0,Religious Group (v5),Late Medieval Chinese State Religion
245,-450.0,-221.0,Religious Group (v5),Warring States Confucian Thought
249,1990.0,2013.0,Religious Group (v5),Tyva Republic (Animism-Totemism-Shamanism)
250,960.0,1279.0,Religious Group (v5),"Tiantai Buddhism (Song Dynasty, Liangzhe Circuit)"
255,-200.0,500.0,Religious Group (v5),Talismanic Religion
256,-10.0,-1.0,Religious Group (v5),Etruscan Religion
263,2000.0,2015.0,Religious Group (v5),Irish Catholicism
284,-3500.0,2015.0,Religious Group (v5),Yolngu religion
287,100.0,400.0,Religious Group (v5),Mithraism
294,200.0,600.0,Religious Group (v5),Xuanxue 玄學
299,-1250.0,-1046.0,Religious Group (v5),Shang State Religion
300,-1200.0,-515.0,Religious Group (v5),Israelite Religion
308,-900.0,-501.0,Religious Group (v5),Neo-Assyrian Scholars
325,-193.0,-168.0,Religious Group (v5),Religion at Mawangdui
342,50.0,150.0,Religious Group (v5),Jesus Associations and the Synoptic Gospels
354,-330.0,-125.0,Religious Group (v5),Priests and Scholars of Hellenistic Uruk
355,50.0,60.0,Religious Group (v5),Paul the Apostle
358,1500.0,1700.0,Religious Group (v5),16th-17th c. Gauḍīya Vaiṣṇava Tradition
361,-500.0,-300.0,Religious Group (v5),Classical Greek Religion
374,800.0,1600.0,Religious Group (v5),Non-dual Śaiva Tantra
381,1469.0,1606.0,Religious Group (v5),Sikhism: Guru Nanak to Guru Arjan
383,1200.0,1700.0,Religious Group (v5),Varkaris
387,1889.0,2016.0,Religious Group (v5),Ahmadi; Ahmadiyya Muslim Jama'at; Ahmadiya
389,1840.0,1970.0,Religious Group (v5),Iban traditional religion
390,1610.0,2016.0,Religious Group (v5),Dasara
392,1606.0,1708.0,Religious Group (v5),Sikhism: Guru Hargobind to Guru Gobind Singh
395,1966.0,2016.0,Religious Group (v5),International Society for Krishna Consciousness (ISKCON)
400,1980.0,2015.0,Religious Group (v5),Singaporean Mega-Churches
406,142.0,2014.0,Religious Group (v5),Daoism
415,1970.0,2015.0,Religious Group (v5),Shaiva World Renouncers
416,1800.0,1918.0,Religious Group (v5),Edinoverie
419,1970.0,2016.0,Religious Group (v5),The Worship of Jagannath in Puri (Odisha)
420,1800.0,2017.0,Religious Group (v5),Swaminarayan Sampraday
422,-1500.0,396.0,Religious Group (v5),Demeter Cult
423,-500.0,500.0,Religious Group (v5),Mediterranean
424,-550.0,-330.0,Religious Group (v5),Achaemenid Religion
435,1206.0,1368.0,Religious Group (v5),Mongol Religion
439,800.0,1500.0,Religious Group (v5),Śaiva Magic
440,900.0,1200.0,Religious Group (v5),"Jain Digambara Tantra, Karnataka"
441,1690.0,2017.0,Religious Group (v5),Worshipers of Śītalā
442,311.0,427.0,Religious Group (v5),Donatism
443,1634.0,2017.0,Religious Group (v5),Tyva (Buddhism)
444,1920.0,2017.0,Religious Group (v5),Sursurunga
453,1985.0,2017.0,Religious Group (v5),Guangzhou (Buddhism)
455,1292.0,1558.0,Religious Group (v5),Lan Na Buddhism
456,-165.0,75.0,Religious Group (v5),The Essenes
457,2013.0,2017.0,Religious Group (v5),Kananga - Pentacostal
458,1869.0,2017.0,Religious Group (v5),Tanna - Christian
459,-1100.0,2017.0,Religious Group (v5),Tanna - Kastom
462,1550.0,1989.0,Religious Group (v5),Tukano
465,2014.0,2016.0,Religious Group (v5),Mysore
468,1870.0,2017.0,Religious Group (v5),Turkana
470,-800.0,-500.0,Religious Group (v5),Archaic Spartan Cults
471,2015.0,2016.0,Religious Group (v5),Urban Northern Ireland
472,1110.0,2017.0,Religious Group (v5),Karma Kagyu or Kamtsang Kagyu
476,1000.0,2015.0,Religious Group (v5),Cham Bani
477,1833.0,1845.0,Religious Group (v5),Tractarian Movement
478,-450.0,1.0,Religious Group (v5),Early Indian Buddhism
479,-2900.0,-2300.0,Religious Group (v5),Mesopotamian city-state cults of the Early Dynastic periods
481,1780.0,2000.0,Religious Group (v5),Huichol
482,1700.0,2000.0,Religious Group (v5),Miskito
483,2015.0,2016.0,Religious Group (v5),Northern Irish Roman Catholics
484,2015.0,2016.0,Religious Group (v5),Northern Irish Protestants
485,500.0,1500.0,Religious Group (v5),Sámi pre-Christian religion
486,1820.0,2017.0,Religious Group (v5),Church of Jesus Christ of Latter-day Saints (early)
490,1260.0,1302.0,Religious Group (v5),Guglielmites
492,-800.0,380.0,Religious Group (v5),Roman Divination
493,1858.0,2017.0,Religious Group (v5),Krishna Worship in North India - Modern Period
520,1600.0,2015.0,Religious Group (v5),Cham Ahiér
525,1951.0,2018.0,Religious Group (v5),Church of Jesus Christ of Latter-day Saints (modern)
526,1900.0,2018.0,Religious Group (v5),Hmong Christianity
534,-42.0,518.0,Religious Group (v5),Roman Imperial Cult
535,200.0,1200.0,Religious Group (v5),Pāśupatas
562,1017.0,1445.0,Religious Group (v6),Medieval Śrīvaiṣṇavism
563,1845.0,2018.0,Religious Group (v6),"Gaddi, a Hindu community of the Western Himalayas"
564,1950.0,2018.0,Religious Group (v6),Tribal Christianity (and allied castes) in the Himalayas
565,1925.0,1960.0,Religious Group (v5),Fellahin
570,1986.0,2018.0,Religious Group (v5),Supreme Master Ching Hai World Society
571,1855.0,1890.0,Religious Group (v5),Abkhaz
572,1890.0,1930.0,Religious Group (v5),Trobrianders
574,1920.0,1967.0,Religious Group (v5),Konso
576,1000.0,2018.0,Religious Group (v5),Kuy traditional religions
577,1860.0,1900.0,Religious Group (v5),Ganda
578,1875.0,1910.0,Religious Group (v5),Gond
580,1700.0,2018.0,Religious Group (v5),Nāth Sampradāya
581,1970.0,2018.0,Religious Group (v5),Mentawai (Rereiket)
586,1900.0,2017.0,Religious Group (v5),Kelantanese Thai Religion
588,1905.0,1940.0,Religious Group (v5),Nyakyusa
589,1915.0,1945.0,Religious Group (v5),Warrau
590,670.0,712.0,Religious Group (v5),Huayan School (Early Tang)
592,11.0,12.0,Religious Group (v5),Veerashaivas
594,1925.0,1955.0,Religious Group (v5),Wolof
595,1804.0,1840.0,Religious Group (v5),Western Samoans
597,-600.0,-200.0,Religious Group (v6),Confucianism - Eastern Zhou
598,1875.0,1915.0,Religious Group (v6),Masai
600,1900.0,1930.0,Religious Group (v6),Riffians
602,1930.0,1960.0,Religious Group (v6),Amhara
607,-400.0,-200.0,Religious Group (v6),Mohism
608,1926.0,1955.0,Religious Group (v6),Kurd
609,1915.0,1940.0,Religious Group (v6),Tallensi
610,1900.0,1960.0,Religious Group (v6),Somali
613,1800.0,1830.0,Religious Group (v6),Maori
614,1925.0,1960.0,Religious Group (v6),!Kung
618,1860.0,1890.0,Religious Group (v6),Nuxalk
620,1900.0,1935.0,Religious Group (v6),Papago
621,1910.0,1935.0,Religious Group (v6),Haitians
622,1896.0,1921.0,Religious Group (v6),Miskito
623,1965.0,2018.0,Religious Group (v6),Diasporic American Hinduism
624,1550.0,1640.0,Religious Group (v6),The Roshaniyya
625,1890.0,1915.0,Religious Group (v6),Copper Inuit
626,1907.0,1935.0,Religious Group (v6),Barama River Carib
629,1200.0,2018.0,Religious Group (v6),Newar Buddhists
632,-650.0,-409.0,Religious Group (v6),Local Religion at Selinous
633,1238.0,2018.0,Religious Group (v6),Mādhva
635,1890.0,1920.0,Religious Group (v6),Ifugao
636,1500.0,2018.0,Religious Group (v6),Balinese Śaiva priests (pedanda siwa)
637,1900.0,1924.0,Religious Group (v6),Yahgan
639,716.0,900.0,Religious Group (v6),Chinese Esoteric Buddhism (Tang Tantrism)
645,1100.0,2020.0,Religious Group (v6),"Meo Muslim, Mev, Mewati Muslim"
646,1889.0,2018.0,Religious Group (v6),Lakota Religious Traditions
649,700.0,2019.0,Religious Group (v6),"Worshippers at the Chidambaram Nataraja Temple, Modern Period"
650,1918.0,1945.0,Religious Group (v6),Manus
651,1930.0,1955.0,Religious Group (v6),Kapauku
652,1904.0,1930.0,Religious Group (v6),Tiwi
654,1198.0,1250.0,Religious Group (v6),12th-13th c Cistercians
655,1917.0,1943.0,Religious Group (v6),Siriono
657,1912.0,1949.0,Religious Group (v6),Trukese
658,1925.0,1951.0,Religious Group (v6),Mapuche
660,1941.0,1966.0,Religious Group (v6),Iban
661,1113.0,1147.0,Religious Group (v6),Congregation of Savigny
662,1922.0,1947.0,Religious Group (v6),Goajiro
671,1820.0,1840.0,Religious Group (v6),Mbau Fijians
673,1842.0,1870.0,Religious Group (v6),Pawnee
674,1915.0,1940.0,Religious Group (v6),Aymara
675,1885.0,1910.0,Religious Group (v6),Chukchee
676,1198.0,1500.0,Religious Group (v6),"The Order of the Holy Trinity for the Redemption of Captives, 1198-1500"
677,1885.0,1910.0,Religious Group (v6),Yapese
679,1915.0,1940.0,Religious Group (v6),Santal
680,1850.0,2019.0,Religious Group (v6),Gujarati Mata Worshipers
681,-2350.0,-2150.0,Religious Group (v6),Sargonic Empire
682,1905.0,1935.0,Religious Group (v6),Lakher
684,1615.0,1640.0,Religious Group (v6),Huron
685,1940.0,1966.0,Religious Group (v6),Badjau
686,1915.0,1945.0,Religious Group (v6),Popoluca
688,1866.0,2019.0,Religious Group (v6),Darul Uloom Deoband
689,1869.0,1895.0,Religious Group (v6),Lengua
690,1880.0,2019.0,Religious Group (v6),Ahl-e-Sunnat wa Jamaat
691,1870.0,1895.0,Religious Group (v6),Fur
710,1816.0,1840.0,Religious Group (v6),Hidatsa
712,1880.0,1934.0,Religious Group (v6),Huichol
714,550.0,850.0,Religious Group (v6),Tamil Śaiva Bhakti
717,1910.0,1940.0,Religious Group (v6),Igbo
719,1845.0,2018.0,Religious Group (v6),Hinduism in Trinidad
721,1910.0,1940.0,Religious Group (v6),Semang
722,1835.0,1885.0,Religious Group (v6),Gros Ventre
727,1160.0,2017.0,Religious Group (v6),Raglai
729,1895.0,1930.0,Religious Group (v6),Kikuyu
738,-3000.0,300.0,Religious Group (v6),Ancient Egyptian
739,1885.0,1910.0,Religious Group (v6),Lakalai
744,1887.0,1915.0,Religious Group (v6),Rwala Bedouin
745,1860.0,1885.0,Religious Group (v6),Buka
749,1800.0,2020.0,Religious Group (v6),Korean shamanism
751,2020.0,2025.0,Religious Group (v6),Buddhism in the Mekong Delta
752,1470.0,2019.0,Religious Group (v6),Haroi
755,1850.0,2020.0,Religious Group (v6),Uyghur Islam
757,1795.0,1820.0,Religious Group (v6),Kiribati
759,1855.0,1880.0,Religious Group (v6),Comanche
763,1810.0,1835.0,Religious Group (v6),Moriori
771,1762.0,2020.0,Religious Group (v6),Muscular Christianity
775,-900.0,2020.0,Religious Group (v6),Jainism
781,381.0,500.0,Religious Group (v6),Syria
783,-3150.0,-2686.0,Religious Group (v6),Upper Egypt: Archaic/Early Dynastic Period
784,-2686.0,-2181.0,Religious Group (v6),Upper Egypt: Old Kingdom
785,-2181.0,-2055.0,Religious Group (v6),Upper Egypt: First Intermediate Period
786,-2055.0,-1650.0,Religious Group (v6),Upper Egypt: Middle Kingdom
787,-1650.0,-1550.0,Religious Group (v6),Upper Egypt: Second Intermediate Period
788,-1500.0,-1200.0,Religious Group (v6),The Late Bronze Age City-State of Ugarit
794,1840.0,1880.0,Religious Group (v6),Omaha
802,1945.0,2020.0,Religious Group (v6),Chinese Nunnery in Myanmar
807,-500.0,-43.0,Religious Group (v6),British Isles I: Pre-Roman Britain
808,-43.0,380.0,Religious Group (v6),British Isles II: Pre-Theodosian Roman Britain
809,-43.0,380.0,Religious Group (v6),British Isles III: Pre-Theodosian Roman Britain Continued
810,-43.0,380.0,Religious Group (v6),British Isles IV: Pre-Theodosian Roman Britain Continued
811,380.0,500.0,Religious Group (v6),British Isles V: Christian Roman Britain
812,2007.0,2020.0,Religious Group (v6),Temple of the Jedi Order
814,380.0,500.0,Religious Group (v6),British Isles VI: Christian Roman Britain
815,380.0,500.0,Religious Group (v6),British Isles VII: Christian Roman Britain
816,-500.0,350.0,Religious Group (v6),British Paganism.
817,350.0,650.0,Religious Group (v6),Early Medieval British Christianity
828,1209.0,1312.0,Religious Group (v6),Italy: The Franciscan Order
835,-500.0,43.0,Religious Group (v6),British Isles: Pre-Roman
836,43.0,500.0,Religious Group (v6),British Isles: Romano-British
839,1788.0,1914.0,Religious Group (v6),19th century German Protestantism
841,1073.0,2020.0,Religious Group (v6),Sa skya
842,1730.0,2020.0,Religious Group (v6),American Evangelicalism
843,300.0,900.0,Religious Group (v6),Bnay Qyāmā and Bnāt Qyāmā
846,645.0,696.0,Religious Group (v6),Xuanzang's Yogācāra Tradition
848,-200.0,70.0,Religious Group (v6),Sadducees
849,1750.0,1850.0,Religious Group (v6),"""Gaiwiio Religion,"" ""Longhouse Religion,"" or ""The Way of Handsome Lake"" of the Seneca Tribe"
851,1899.0,2020.0,Religious Group (v6),Sikhism in the United States
852,-500.0,900.0,Religious Group (v6),Pre-Christian Religion / Paganism in Ireland
854,-400.0,900.0,Religious Group (v6),pre-Christian Irish
855,1900.0,2020.0,Religious Group (v6),Middle-Class Migrant Muslims in the UAE
857,1738.0,2020.0,Religious Group (v6),Wesleyanism
858,165.0,550.0,Religious Group (v6),"The New Prophecy or ""Montanism"""
859,135.0,400.0,Religious Group (v6),Valentinians
860,1704.0,1706.0,Religious Group (v6),Kimpa Vita
862,1907.0,2020.0,Religious Group (v6),Ilm-e-Khshnoom
863,-550.0,450.0,Religious Group (v6),Orphism
867,1200.0,1500.0,Religious Group (v6),Nyingma Treasure
869,855.0,1279.0,Religious Group (v6),Sichuan Esoteric Buddhist Cult
870,1990.0,2020.0,Religious Group (v6),Postsocialist Mongolian Buddhism
871,1848.0,2020.0,Religious Group (v6),Spiritualism
873,1962.0,1993.0,Religious Group (v6),The Branch Davidians
879,1860.0,2020.0,Religious Group (v6),Free Methodist Church
880,1870.0,2015.0,Religious Group (v6),Egyptian Salafism (inluding North Africa and West Asia)
882,-450.0,425.0,Religious Group (v6),Orphism
883,1949.0,2020.0,Religious Group (v6),Catholics in the People's Republic of China (PRC)
884,1907.0,2022.0,Religious Group (v6),Sub Saharan Africa Pentecostalism
885,-1960.0,2022.0,Religious Group (v6),Contemporary West African Vodun
886,1990.0,2020.0,Religious Group (v6),Pushtimarg (The Path of Grace) in the UK and Gujarat
887,1990.0,2020.0,Religious Group (v6),Postsocialist Mongolian Shamanism
888,780.0,900.0,Religious Group (v6),Céli Dé monks
891,1956.0,2020.0,Religious Group (v6),Peruvian Mormons
892,1960.0,2020.0,Religious Group (v6),Charismatic Renewal Movement in Christianity - Second Wave Pentecostalism
893,100.0,400.0,Religious Group (v6),Sethian Gnostic
894,1968.0,2020.0,Religious Group (v6),Universal Fellowship of Metropolitan Community Churches
896,800.0,1571.0,Religious Group (v6),Sannō Shintō
897,1945.0,2020.0,Religious Group (v6),Gaengjeongyudo
898,1930.0,2020.0,Religious Group (v6),Rastafari of Jamaica
899,1926.0,2020.0,Religious Group (v6),Nahdlatul Ulama (NU)
900,-150.0,70.0,Religious Group (v6),Pharisees
902,300.0,500.0,Religious Group (v6),British Isles: Christian
904,397.0,500.0,Religious Group (v6),Euboea/Central Macedonia: Nicaean-Chalcedonian Christianity
906,1963.0,2020.0,Religious Group (v6),The Church of England
908,1980.0,2020.0,Religious Group (v6),Sino-Christian Theology
910,1968.0,1998.0,Religious Group (v6),Christian Base Community movement
911,1260.0,1302.0,Religious Group (v6),Italy: Roman Catholic Christianity
914,1258.0,2020.0,Religious Group (v6),Tariqa Shadhiliyya
915,2000.0,2020.0,Religious Group (v6),Protestantism welcoming People with Disabilities
917,-500.0,-50.0,Religious Group (v6),British Isles: Predominantly Celtic Polytheism
918,-475.0,220.0,Religious Group (v6),Fangshi
919,1995.0,2020.0,Religious Group (v6),Catholicism in contemporary Croatia
921,1900.0,2020.0,Religious Group (v6),Bhils
922,-50.0,400.0,Religious Group (v6),British Isles: Mixed Roman and British Polytheism
923,200.0,700.0,Religious Group (v6),British Isles: Introduction of Early Christianity through the End of Columban/Irish Christianity
925,220.0,650.0,Religious Group (v6),Rabbinic Judaism (Babylonia)
926,842.0,2020.0,Religious Group (v6),Ladakhi Buddhism
927,0.0,74.0,Religious Group (v6),Zealots
928,1860.0,1910.0,Religious Group (v6),The Ghost Dance Movement and the Lakota Sioux
929,1143.0,2020.0,Religious Group (v6),Drikung Kagyu
931,1580.0,2020.0,Religious Group (v6),The Society of Jesus (Jesuits) in Britain
933,144.0,1000.0,Religious Group (v6),Marcionites
934,1911.0,1940.0,Religious Group (v6),Mongolian Buddhism during the Revolutionary Period
935,1910.0,2020.0,Religious Group (v6),Nigerian Pentecostalism
937,-800.0,394.0,Religious Group (v6),Vestal Virgins
938,-1600.0,-1185.0,Religious Group (v6),Ugarit
940,-31.0,68.0,Religious Group (v6),Julio-Claudian Imperial Cult
941,1600.0,1700.0,Religious Group (v6),Chan Buddhists in early Qing period
942,1816.0,2020.0,Religious Group (v6),African Methodist Episcopal Church
943,1752.0,2020.0,Religious Group (v6),Moravian Missionaries in Nunatsiavut
944,1620.0,1700.0,Religious Group (v6),Mohyla's Ukrainian Church
946,700.0,1959.0,Religious Group (v6),Nyingma (rnying ma)
948,120.0,300.0,Religious Group (v6),Christianity in Ephesus
950,1652.0,2020.0,Religious Group (v6),The Religious Society of Friends
952,1980.0,2020.0,Religious Group (v6),Ethiopian Jews
953,1975.0,2020.0,Religious Group (v6),Sachchai
955,600.0,800.0,Religious Group (v6),British Isles: Augustinian/Roman Christianity
957,-800.0,-300.0,Religious Group (v6),Spartan Religion
958,1540.0,1773.0,Religious Group (v6),Society of Jesus
960,1000.0,2020.0,Religious Group (v6),Bön (Bon)
961,1885.0,2020.0,Religious Group (v6),Romanian Orthodox Church
963,1119.0,1312.0,Religious Group (v6),The Knights Templar
964,1800.0,2020.0,Religious Group (v6),Baul Fakirs of Bengal
965,323.0,548.0,Religious Group (v6),Pachomian Monasticism
966,1318.0,2020.0,Religious Group (v6),"Naqshbandī Order, Naqshbandī Tarīqa, Naqshbandīyyah, Khwājagān,"
968,1683.0,2021.0,Religious Group (v6),"Anabaptist Mennonites in North America, 1683-2021"
970,-323.0,500.0,Religious Group (v6),Cult of Isis (Mysteries of Isis)
971,500.0,2020.0,Religious Group (v6),Gāṇapatya
972,431.0,1500.0,Religious Group (v6),Nestorian Christianity
973,1845.0,2019.0,Religious Group (v6),The Sarna religion of the Oraons of Jharkhand
974,1204.0,1261.0,Religious Group (v6),"Greek Chalcedonian Christians, Nicaea"
975,1980.0,2020.0,Religious Group (v6),Neo-Charismatic Movement - Third Wave Charismatic Movement
976,1187.0,2019.0,Religious Group (v6),Mising Community
977,1200.0,2020.0,Religious Group (v6),Chishti Sufis
978,1500.0,2020.0,Religious Group (v6),Indonesian Catholicism
980,1175.0,1333.0,Religious Group (v6),Pure Land Buddhist Schools in Early Medieval Japan
981,1930.0,2020.0,Religious Group (v6),Nation of Islam
982,-500.0,100.0,Religious Group (v6),The Samaritans (Persian to early Roman periods)
983,600.0,2020.0,Religious Group (v6),Tibetan and Himalayan Mundane and Landscape Cults
984,1530.0,2020.0,Religious Group (v6),Calvinism (Early/Reformation)
985,1108.0,1299.0,Religious Group (v6),The Victorines
986,150.0,529.0,Religious Group (v6),Theurgy
987,1600.0,2020.0,Religious Group (v6),"Parsis, Zoroastrians of India"
988,1832.0,2020.0,Religious Group (v6),Churches of Christ- United States
989,1928.0,2020.0,Religious Group (v6),Opus Dei
993,-712.0,380.0,Religious Group (v6),Pontifex Maximus and Pontifices (Pontifical College)
994,330.0,470.0,Religious Group (v6),"Monastic Communities of Lower Egypt: Nitria, Kellia, Scetis"
995,1841.0,2020.0,Religious Group (v6),Tamil Neo-Saivism
997,-2950.0,-2670.0,Religious Group (v6),Ancient Egypt - Early Dynastic Period
1004,-200.0,300.0,Religious Group (v6),Religion in Roman Ostia
1006,-2670.0,-2168.0,Religious Group (v6),Ancient Egypt - Old Kingdom
1008,-2168.0,-2010.0,Religious Group (v6),Ancient Egypt - First Intermediate Period
1011,-800.0,-550.0,Religious Group (v6),Kingdom of Edom
1012,550.0,1500.0,Religious Group (v6),Inhabitants of Medieval Kurgus
1013,1510.0,1640.0,Religious Group (v6),Estado da Índia Renegades in Deccan
1024,1200.0,1368.0,Religious Group (v6),Universal Salvation Ritual
1028,1100.0,1250.0,Religious Group (v6),German Pietists (Hasidei Ashkenaz)
1029,-325.0,-278.0,Religious Text (v1.0),Zigao 子羔
1030,-325.0,-278.0,Religious Text (v1.0),The Way of Tang and Yu (Tang yu zhi dao 唐虞之道)
1031,300.0,600.0,Religious Group (v6),Eastern Roman Manichaeism
1034,-325.0,-278.0,Religious Text (v1.0),Rongchengshi 容成氏
1037,-1100.0,-650.0,Religious Group (v6),Third Intermediate Period in Ancient Egypt
1038,1644.0,1911.0,Religious Group (v6),Sino-Muslims in Qing China
1041,1600.0,2021.0,Religious Group (v6),Korean Catholicism
1042,1078.0,1271.0,Religious Text (v1.0),Zichiji 資持記
1043,1500.0,2020.0,Religious Group (v6),Islam in Aceh
1044,-141.0,-87.0,Religious Group (v6),Han Imperial Cult under Emperor Wu
1051,-1960.0,-1550.0,Religious Group (v6),Religion at Tell el-Dab'a (ancient Avaris) in Ancient Egypt
1058,1780.0,1920.0,Religious Text (v1.0),Syŏnggyŏng chikhae kwang-ik
1069,-1504.0,-1069.0,Religious Group (v6),Religion at Deir el-Medina
1071,2001.0,2021.0,Religious Group (v6),Digital Shinto Communities
1074,-139.0,140.0,Religious Text (v1.0),Chuci zhangju
1075,402.0,406.0,Religious Text (v1.0),Dazhidu lun 大智度論
1076,1560.0,1687.0,Religious Group (v6),Inquisitors of Goa's Santo Ofício
1077,-325.0,-278.0,Religious Text (v1.0),The Cherished Instruction (Baoxun 保訓)
1078,-1352.0,-1336.0,Religious Text (v1.0),Hymns to the Aten
1083,1625.0,2021.0,Religious Group (v6),Drukpa Kagyü School (Bhutan)
1087,969.0,1400.0,Religious Group (v6),The Bogomils
1095,1947.0,1958.0,Religious Group (v6),Punjabi (West)
1098,-1200.0,300.0,Religious Text (v1.0),Shuzi gua excavated material
1101,1710.0,1730.0,Religious Group (v6),Natchez
1108,0.0,600.0,Religious Group (v6),Early Christianity and Monasticism in Egypt
1109,960.0,1279.0,Religious Group (v6),Chan Buddhism in the Song
1117,-1145.0,-1139.0,Religious Text (v1.0),Ancient Egyptian Book of the Earth – Tomb of Ramesses VI
1120,-551.0,220.0,Religious Text (v1.0),Liji 禮記
1124,-2000.0,-1840.0,Religious Text (v1.0),The ancient Egyptian Book of Two Ways
1125,-1292.0,-1070.0,Religious Group (v6),Ancient Egypt - the Ramesside Period
1127,1890.0,2021.0,Religious Group (v6),Anglican Church of Korea
1129,-700.0,476.0,Religious Group (v6),Ancient Thessalians
1133,-305.0,284.0,Religious Group (v6),Religion in Greco-Roman Egypt
1134,600.0,2021.0,Religious Group (v6),Tiantai
1136,1910.0,1951.0,Religious Group (v6),The Fellowship of Goodness 同善社 (Tongshanshe)
1140,220.0,589.0,Religious Group (v6),Early Medieval Confucianism
1144,-1554.0,2021.0,Religious Text (v1.0),The Yijing 易經 (The Classic of Changes)
1149,618.0,906.0,Religious Group (v6),Christianity in Tang China
1158,200.0,500.0,Religious Text (v1.0),Early Daoist text—Commands and Admonitions for the Families of the Great Dao (Dadaojia lingjie大道家令戒)
1160,1075.0,1078.0,Religious Text (v1.0),Wuzhen pian 悟真篇
1162,400.0,1400.0,Religious Group (v6),Lingbao dafa
1172,500.0,700.0,Religious Group (v6),Twofold Mystery (Chongxuan 重玄)
1175,-1500.0,-300.0,Religious Group (v6),Religion in Northern Hejaz
1176,-700.0,1911.0,Religious Text (v1.0),Shijing 詩經 (Classic/Book of Odes/Songs)
1178,1997.0,2021.0,Religious Group (v6),Modern Mystery School (MMS)
1180,1600.0,2020.0,Religious Group (v6),Batak Traditional Religions
1183,-2100.0,-2000.0,Religious Group (v6),Religion at Nippur in the Ur III period
1187,-850.0,-700.0,Religious Group (v6),Sanctuary at Tell Damiyah
1189,-920.0,-713.0,Religious Group (v6),Yādiya/Sam'al
1190,-850.0,-580.0,Religious Group (v6),Ancient state of Urartu
1191,-300.0,300.0,Religious Group (v6),Religion in Greco-Roman Alexandria
1192,1945.0,2021.0,Religious Group (v6),Kaharingan
1196,1910.0,1940.0,Religious Group (v6),K’iche’ (Quiché)
1203,-586.0,100.0,Religious Text (v1.0),Book(s) of Daniel
1207,1550.0,2021.0,Religious Text (v1.0),Female alchemy Tradition
1210,1920.0,1950.0,Religious Group (v6),Mende
1218,1870.0,2021.0,Religious Group (v6),Yiguan Dao/I-Kuan Tao 一貫道
1219,-2.0,7.0,Religious Text (v1.0),Chunqiu fanlu
1223,1885.0,1910.0,Religious Group (v6),Toda
1224,400.0,500.0,Religious Text (v1.0),Duren jing
1227,-900.0,360.0,Religious Group (v6),Polytheistic Pre-Islamic South Arabia
1229,1950.0,2021.0,Religious Group (v6),Three Self Patriotic Movement (TSPM)
1231,1100.0,2021.0,Religious Group (v6),"Shenxiao 神霄 (""Divine Empyrean"") Daoism"
1232,-1300.0,200.0,Religious Text (v1.0),Book of Nut
1234,1880.0,1910.0,Religious Group (v6),Ashanti
1240,1900.0,1935.0,Religious Group (v6),Azande
1241,1837.0,1866.0,Religious Group (v6),Taiping 太平 Movement
1243,1636.0,1900.0,Religious Text (v1.0),Shengjing zhijie
1246,1895.0,1925.0,Religious Group (v6),Shilluk
1247,1885.0,1885.0,Religious Group (v6),Exovedate
1248,-1972.0,-1718.0,Religious Group (v6),Religion in the Old Assyrian Period
1250,850.0,1350.0,Religious Group (v6),Hanbalism
1251,1880.0,1910.0,Religious Group (v6),Tsonga
1253,-200.0,50.0,Religious Text (v1.0),Damascus Document
1255,361.0,599.0,Religious Text (v1.0),Julian Romance
1257,-1000.0,-500.0,Religious Group (v6),Ammonite Religion
1258,-1000.0,-586.0,Religious Group (v6),Religion in Judah
1259,1200.0,1900.0,Religious Group (v6),"The LuWang School, the School of Lu Xiangshan and Wang Yangming"
1260,850.0,1250.0,Religious Text (v1.0),Qiṣṣat Dhī al-Qarnayn
1263,-500.0,-399.0,Religious Group (v6),Judean/Yehudite Colony at Elephantine (Persian period)
1265,-400.0,200.0,Religious Text (v1.0),Mozi 墨子
1268,360.0,570.0,Religious Group (v6),Monotheistic Pre-Islamic South Arabia
1269,266.0,664.0,Religious Text (v1.0),Ji shenzhou sanbao gantong lu 集神州三寶感通錄
1270,-551.0,1911.0,Religious Text (v1.0),The Zhuangzi
1279,1593.0,2004.0,Religious Group (v6),Mandarese Muslims
1283,1500.0,2002.0,Religious Group (v6),Butonese Muslims
1284,-1200.0,-330.0,Religious Group (v6),Religion of Phoenicia
1288,1510.0,1650.0,Religious Group (v6),Bailadeiras of Goa
1289,1500.0,2004.0,Religious Group (v6),Buginese Muslims
1290,-100.0,50.0,Religious Text (v1.0),4QInstruction
1293,-2000.0,2022.0,Religious Group (v6),The Zapotec or Ben 'Zaa (The Cloud People)
1294,-649.0,-539.0,Religious Text (v1.0),The Autobiography of Adad-guppi
1295,311.0,600.0,Religious Group (v6),Donatism
1297,56.0,907.0,Religious Text (v1.0),Chen-Wei Texts
1299,1940.0,1965.0,Religious Group (v6),Russians (of Viriatino Village)
1300,1990.0,2022.0,Religious Group (v6),"Enlace de Agentes de Pastoral Indígena (EAPI, Network of Indigenous Ministry Agents)"
1304,1875.0,2022.0,Religious Group (v6),Peyote Religion (Peyotism) and the Native American Church
1307,1845.0,2022.0,Religious Group (v6),Southern Baptists
1308,275.0,530.0,Religious Group (v6),Jews and Jewish-Sympathizers in South Arabia
1309,315.0,500.0,Religious Group (v6),Circumcellions
1311,1870.0,2022.0,Religious Group (v6),Jehovah's Witnesses
1312,1400.0,2022.0,Religious Group (v6),Bishnoi
1321,1853.0,2022.0,Religious Group (v6),Mourides (Muridiyya)
1322,361.0,363.0,Religious Group (v6),Pagans under the Emperor Julian
1323,1910.0,1935.0,Religious Group (v6),Luguru
1324,150.0,2022.0,Religious Text (v1.0),Taiping jing
1326,-820.0,-580.0,Religious Text (v1.0),Meher Kapısı inscription (Urartian text)
1333,150.0,600.0,Religious Group (v6),Cult of Thecla
1334,1980.0,2022.0,Religious Group (v6),No-debt Movement in US Evangelicalism
1335,1575.0,1700.0,Religious Group (v6),Congregation of the Oratory
1337,-1200.0,-600.0,Religious Group (v6),Tell Afis (Syria)
1338,390.0,500.0,Religious Text (v1.0),The Sayings of the Desert Fathers
1340,1957.0,2023.0,Religious Group (v6),International Sivananda Yoga Vedanta Centers
1341,1960.0,2022.0,Religious Group (v6),Muslim Students Association of the United States and Canada
1342,50.0,62.0,Religious Text (v1.0),Pauline Epistles
1344,1840.0,1920.0,Religious Group (v6),Tibetan Nonsectarianism (ris med)
1347,500.0,1500.0,Religious Text (v1.0),"The Praise of the Bees, Exultet Hymn"
1348,2012.0,2022.0,Religious Group (v6),Disability-focused Christianity for Palestinians
1349,1124.0,1991.0,Religious Group (v6),The Dingxiang Wang Cult
1352,2.0,21.0,Religious Group (v6),Śākadvīpīya Brāhmaṇas
1356,419.0,420.0,Religious Text (v1.0),The Lausiac History
1357,100.0,400.0,Religious Group (v6),Encratites
1367,70.0,601.0,Religious Text (v1.0),Targums
1370,1935.0,1960.0,Religious Group (v6),Teda
1371,1979.0,2022.0,Religious Group (v6),Twelver Shi'ism in post-revolutionary Iran
1374,1560.0,1620.0,Religious Group (v6),The Reformed Church (Early Orthodoxy)
1375,-1900.0,-130.0,Religious Text (v1.0),Epic of Gilgamesh
1376,1900.0,2022.0,Religious Group (v6),African Initiated Churches
1386,1807.0,1950.0,Religious Group (v6),Liumen (Liu School)
1387,-247.0,-239.0,Religious Text (v1.0),Spring and Autumn annals of Master Lü
1389,200.0,1200.0,Religious Text (v1.0),Writ of the Three Sovereigns
1390,1855.0,1880.0,Religious Group (v6),Eastern Apache
1392,360.0,900.0,Religious Group (v6),Messalians
1393,579.0,650.0,Religious Text (v1.0),The Ladder of Divine Ascent
1396,-304.0,-30.0,Religious Group (v6),Ptolemaic Egypt - Egyptian Religion
1399,-1550.0,-1350.0,Religious Group (v6),Religion in the Mittani Empire
1401,485.0,528.0,Religious Text (v1.0),"The ""On the Divine Names"" of Pseudo Denys the Areopagite"
1404,-300.0,450.0,Religious Group (v6),Religion in Nabataea
1406,750.0,1700.0,Religious Text (v1.0),Barlaam and Ioasaph
1409,-1500.0,-400.0,Religious Group (v6),Formative Olmec
1412,1838.0,2022.0,Religious Group (v6),Tenrikyo
1415,350.0,398.0,Religious Group (v6),Anomeans
1418,-800.0,-200.0,Religious Text (v1.0),Book of Jonah
1419,-1550.0,-1425.0,Religious Group (v6),Ancient Egyptian Religion in the Early 18th Dynasty
1420,1785.0,1810.0,Religious Group (v6),Creek
1421,-340.0,140.0,Religious Text (v1.0),Tian wen 天問
1422,726.0,730.0,Religious Text (v1.0),Defense of Icon Veneration by John of Damascus
1424,420.0,430.0,Religious Text (v1.0),Santian neijie jing 三天內解經
1426,1580.0,1740.0,Religious Group (v6),Early Missionary Christianity in China
1427,100.0,199.0,Religious Text (v1.0),The Chaldaean Oracles
1429,-2300.0,1700.0,Religious Text (v1.0),Enheduana's Exaltation of Inana
1431,412.0,485.0,Religious Text (v1.0),Elements of Theology
1432,312.0,324.0,Religious Text (v1.0),Preparation for the Gospel-Demonstration of the Gospel
1434,1912.0,1937.0,Religious Group (v6),Kuna
1441,1325.0,1521.0,Religious Group (v6),Mexica (Aztec) Religion
1450,1855.0,1880.0,Religious Group (v6),Tehuelche
1452,100.0,350.0,Religious Text (v1.0),Soushen ji 搜神記
1454,1337.0,1351.0,Religious Group (v6),Hesychastic Controversy
1458,1935.0,1960.0,Religious Group (v6),Mbuti
1466,1800.0,1980.0,Religious Group (v6),Islamic modernists
1468,325.0,451.0,Religious Group (v6),Eastern Christianity From Nicaea to Chalcedon
1469,300.0,1532.0,Religious Group (v6),Huamachuco Religion
1471,-593.0,-100.0,Religious Text (v1.0),Book of Ezekiel
1484,-2500.0,50.0,Religious Text (v1.0),Mesopotamian Exorcistic Texts
1488,1869.0,1894.0,Religious Group (v6),Botocudo
1508,1936.0,1955.0,Religious Text (v1.0),Zaytuna Magazine/ المجلة الزيتونية
1511,1804.0,1903.0,Religious Group (v6),Sokoto
1513,1927.0,1930.0,Religious Text (v1.0),Imrā’atu-nā fī l-šarīʻa wa-l-muŷtamaʻ / امرأتنا في الشريعة والمجتمع
1517,1936.0,1962.0,Religious Group (v6),Tunisian Women's Associations
1520,995.0,1066.0,Religious Text (v1.0),Kitāb al-Khilāf fῑ al-Aḥkām by Al-Shaykh al-Ṭūsī
1521,1256.0,1400.0,Religious Group (v6),Order of the Hermits of St Augustine (Augustinian friars)
1522,1781.0,2022.0,Religious Group (v6),Tijaniyya Tariqa الطريقة التجانية
1523,1936.0,2022.0,Religious Text (v1.0),Tafsīr al-taḥrīr wa al-tanwīr
1525,-400.0,-300.0,Religious Text (v1.0),Changsha Zidanku Chu bo shu 長沙子彈庫楚帛書 1 (Chu Silk Manuscript)
1529,720.0,743.0,Religious Group (v6),Byzantine Iconoclasts (726-787 CE)
1534,100.0,2022.0,Religious Text (v1.0),Shorter Sukhāvatīvyūha Sūtra
1535,1921.0,1956.0,Religious Group (v6),الجمعية الخيرية الإسلامية بمدينة سوق الأربعاء
1539,1947.0,2022.0,Religious Text (v1.0),Maqāṣid al-šarī῾a al-islāmiyya
1540,1100.0,1400.0,Religious Text (v1.0),The Sanskrit Yasna
1542,1913.0,2022.0,Religious Group (v6),Umbanda
1544,1596.0,2022.0,Religious Group (v6),Ukrainian Greek Catholic Church
1546,-150.0,-25.0,Religious Text (v1.0),4QPseudo Ezekiel
1549,1150.0,1250.0,Religious Text (v1.0),Slaying of Husayn Texts
1551,-1970.0,-1850.0,Religious Text (v1.0),Donation Texts from Ur during the Isin-Larsa Period
1552,1911.0,2022.0,Religious Text (v1.0),The Key of Ilme Kṣnum to Understand the Zoroastrian Religion
1554,1942.0,1950.0,Religious Text (v1.0),"Mustafa Sabri, Mawqif al-ʿAql"
1555,1970.0,2022.0,Religious Group (v6),Al-Ahbash الأحباش
1558,150.0,200.0,Religious Text (v1.0),Acts of Paul and Thecla
1559,1650.0,1850.0,Religious Text (v1.0),Al-manhaj al-farîd fî ma'rifat 'ilm al-tawhîd.
1560,1036.0,2022.0,Religious Text (v1.0),‘Ara’is al-Majalis fi Qasas al-Anbiya' عَرَائِسُ الْمَجَالِسِ فِي قَصَصِ الْأَنْبِيَاءِ
1570,9.0,21.0,Religious Group (v6),Tamil Muslims
1573,767.0,820.0,Religious Text (v1.0),Al-Risala (The Message) الرسالة
1574,-2000.0,-1800.0,Religious Group (v6),Household religion at Ur
1575,1905.0,1956.0,Religious Text (v1.0),L’esprit libéral du Coran
1576,-760.0,-100.0,Religious Text (v1.0),Book of Amos
1582,-300.0,500.0,Religious Group (v6),Cult of Bona Dea
1584,1890.0,1956.0,Religious Text (v1.0),Tafattuq al-aḥkām
1585,1004.0,1004.0,Religious Text (v1.0),Jingde chuandeng lu 景德傳燈錄
1588,1951.0,2023.0,Religious Text (v1.0),In the Shade of the Qur'an في ظلال القرآن
1589,2.0,21.0,Religious Text (v1.0),Peshitta
1595,-335.0,-275.0,Religious Text (v1.0),The Five Yi Yin Texts
1606,990.0,2022.0,Religious Text (v1.0),Kitab Sara'ir wa Asrar an-Nutaqa' كتاب سرائر وأسرار النّطقاء
1607,897.0,1700.0,Religious Group (v6),Zaydism and the state in Yemen
1615,-300.0,400.0,Religious Group (v6),Teuchitlan Tradition
1618,1766.0,1828.0,Religious Text (v1.0),Diya'u al-Ta'aweel fee Ma'ani al-Tanzeel (The Bright interpretation of the meanings of the Qur'an)
1624,-900.0,-612.0,Religious Group (v6),Neo-Assyrian Healers (āšipu/mašmaššu-exorcists)
1626,-800.0,-400.0,Religious Group (v6),The Cult of Maritime Hera
1628,1100.0,2023.0,Religious Text (v1.0),Bad' al-Khalq wa Qasas al-Anbiya' of Kisa'i كتاب بدء الخلق وقصص الأنبياء للكسائي
1639,1703.0,1762.0,Religious Text (v1.0),Hujjat Allāh al-Bāligha
1650,1332.0,1406.0,Religious Text (v1.0),"كتاب"" المقدّمة ""لابن  خلدون livre  Mou qaddîma d'Abd Al Rahman Ibn Khaldoun"
1652,874.0,936.0,Religious Text (v1.0),Le Livre de al-'Ibana 'an 'Usul al-Diyana de al-Ash'ari كتاب الإبانة عن أصول الديانة للأشعري
1653,341.0,399.0,Religious Group (v6),Visigothic Homoian Christianity
1654,1981.0,2023.0,Religious Group (v6),Le Parti du Mouvement de La Nahda حزب حركة النهضة
1657,420.0,430.0,Religious Text (v1.0),The Institutes of John Cassian
1659,420.0,430.0,Religious Text (v1.0),The Conferences of John Cassian
1661,-1300.0,-300.0,Religious Text (v1.0),Ludlul Bel Nemeqi
1664,50.0,110.0,Religious Text (v1.0),The Didache
1667,1850.0,1951.0,Religious Group (v6),Medérsiens
1674,1833.0,2023.0,Religious Text (v1.0),New Hampshire Declaration of Faith
1677,-1650.0,-1180.0,Religious Group (v6),Royal Hittite Religion
1683,-800.0,-400.0,Religious Text (v1.0),Book of Leviticus
1684,347.0,414.0,Religious Text (v1.0),The Lives of the Philosophers and Sophists
1686,1924.0,2023.0,Religious Text (v1.0),L'islam et les origines de la gouvernance Ali Abdel Razek الإسلام وأصول الحكم علي عبد الرازق
1688,200.0,800.0,Religious Group (v6),Arianism
1689,1516.0,1919.0,Religious Group (v6),The Isma'ilis in the Ottoman Empire
1690,843.0,1054.0,Religious Group (v6),Christianity in Byzantium: between the end of Iconoclasm and the Schism
1694,1054.0,1204.0,Religious Group (v6),Christianity in Byzantium: Between the Schism and the Fourth Crusade
1695,-230.0,1911.0,Religious Text (v1.0),"Xiaojing ""Classic of Filial Piety"""
1697,450.0,1450.0,Religious Group (v6),Stylite Monks
1700,-800.0,-500.0,Religious Text (v1.0),The Book of Hosea
1701,1120.0,2023.0,Religious Group (v6),The Premonstratensian Order in the Middle Ages
1703,1265.0,1310.0,Religious Group (v6),Arsenites
1705,1088.0,1148.0,Religious Text (v1.0),The Historia Compostellana
1708,708.0,2023.0,Religious Group (v6),الإباضية  Al-Ibadia
1709,1115.0,1269.0,Religious Group (v6),Almohads (al-Muwaḥḥidūn)
1714,2019.0,2022.0,Religious Group (v6),Syncretic Polytheism in Curious Pastimes LARP
1721,-890.0,750.0,Religious Text (v1.0),Tell Fekheriyeh Inscription
1735,1127.0,2023.0,Religious Text (v1.0),كتاب الملل والنحل لعبد الكريم ابو الفتح الشهرستاني
1736,1754.0,1817.0,Religious Text (v1.0),Ihya'u Sunnah wa Ikhmadul Bid'ah
1737,661.0,2023.0,Religious Group (v6),الإمامية Al-Imamia
1741,1891.0,2023.0,Religious Group (v6),Methodism in Zimbabwe or Methodist Church in Zimbabwe
1759,1195.0,2023.0,Religious Group (v6),الطريقة الشاذلية = Attarika Achadoulia
1763,1400.0,2009.0,Religious Text (v1.0),Uḍḍīśatantra
1771,1781.0,1837.0,Religious Text (v1.0),إنفاق الميسور في تاريخ بلاد التكرار
1774,-1557.0,1864.0,Religious Group (v6),إباضية جزيرة جربة
1776,-1881.0,1939.0,Religious Group (v6),الطريقة القادرية في البلاد التونسية
1777,-1881.0,1939.0,Religious Group (v6),الطريقة التّيجانية بالبلاد التونسية
1778,300.0,990.0,Religious Text (v1.0),Le Conflit d'Adam et Eve contre Satan ou The first and the Second hidden book of Adam and Eve صراع آدم وحوّاء ضدّ الشيطان
1779,-1956.0,2023.0,Religious Group (v6),المذهب المالكي بالبلاد التونسية
1780,1881.0,1939.0,Religious Group (v6),الطريقة الشاذلية في تونس
1781,1969.0,2023.0,Religious Group (v6),المذهب الشيعي في تونس
1785,1197.0,1197.0,Religious Text (v1.0),Carmen de Incendio
1787,1190.0,1200.0,Religious Text (v1.0),Ekphrasis of the Church of the Holy Apostles
1791,1100.0,1200.0,Religious Group (v6),"الطريقة القادرية في بغداد: فترة التأسيس ق12 Attarika Al Qadiria à Bagdad: la période fondatrice, le XIIe siècle"
1795,1965.0,2023.0,Religious Text (v1.0),‘Adhwā‘ Al-Bayān fi ‘Idhāḥ Al-Qur‘ān bi Al-Qur‘ān: أضواء البيان في إيضاح القرآن بالقرآن
1803,1766.0,1828.0,Religious Text (v1.0),مفتاح التفسير
1805,1744.0,1819.0,Religious Group (v6),Wahhabisme الوهّابيّة
1806,1800.0,1900.0,Religious Group (v6),Sango Religious group in Oyo
1808,1793.0,1864.0,Religious Group (v6),'yan Taru (Women Cadre of the Nana Asma'u)
1810,-1200.0,-1046.0,Religious Text (v1.0),Shang Oracle Bone Inscriptions
1811,1793.0,1864.0,Religious Text (v1.0),كتاب قصيدة المرثية (Kitab Qasidat al-Marsiyyah).
1816,365.0,2023.0,Religious Text (v1.0),The Zhen'gao
1818,1403.0,1445.0,Religious Text (v1.0),(Urjuzat al-Wildan) أرجوزة الولدان
1820,1980.0,2019.0,Religious Group (v6),"Cherubim and Seraphim Church Unification, Campus Fellowship"
1829,1986.0,2019.0,Religious Group (v6),Cherubim and Seraphim Unification Church of Nigeria (C&SUCN)
1835,1948.0,2023.0,Religious Group (v6),"The Cherubim and Seraphim Church of Zion, Ugbonla"
1845,1018.0,1536.0,Religious Group (v6),Benedictine Order in Denmark
1847,-300.0,200.0,Religious Text (v1.0),Arthaśāstra
1852,1987.0,1997.0,Religious Text (v1.0),The Communion Letters by Whitley and Anne Strieber
1855,-1700.0,-600.0,Religious Text (v1.0),Atra-Hasīs
1858,185.0,373.0,Religious Group (v6),Christianity in Alexandria: From Origen to Athanasius
1869,1930.0,2015.0,Religious Group (v6),IFA RELIGIOUS GROUP IN ILE- IFE
1871,-1900.0,-1600.0,Religious Text (v1.0),Inana's descent to the nether world
1872,1947.0,2023.0,Religious Group (v6),"The Holy Apostles Community, Ayetoro"
1875,1440.0,1505.0,Religious Text (v1.0),"Jalal al-Din al-Suyuti, Perfect Guide to Qur'anic Studies (al-Itqan fi 'Ulum al-Qur'an)"
1882,512.0,518.0,Religious Text (v1.0),The Life of Severus
1897,1951.0,2023.0,Religious Group (v6),"The Episcopal Church of Cherubim and Seraphim, Zion Pepe"
1898,-1300.0,-610.0,Religious Text (v1.0),Shurpu Incantation Series
1903,750.0,1258.0,Religious Group (v6),The 'Abbāsids
1904,1800.0,2000.0,Religious Group (v6),الطريقة القادرية في تونس القرن  19 و20   =  L'ordre Qadiri en Tunisie aux XIXe et XXe siècles
1905,-1514.0,1575.0,Religious Text (v1.0),(A brief introduction to the Islamic jurisprudence on the Maliki school of law)مختصر الأخضري في مذهب الإمام مالك
1906,1872.0,1895.0,Religious Text (v1.0),"(Acceptable means of praising the Prophet, may God bless him and grant him peace)الوسائل المتقبلة في مدح النبي صلى الله عليه و سلم"
1907,-1425.0,1505.0,Religious Text (v1.0),A treatise on the rulings of the people of Dhimma (رسالة في أحكام اهل الذمة)
1908,1100.0,1300.0,Religious Group (v6),"Buddhist Traders in the Chinese Quarter in Hakata, Japan"
1921,-340.0,-240.0,Religious Text (v1.0),Zhouxun 周訓
1924,-700.0,-300.0,Religious Text (v1.0),The Deuteronomistic History
1928,-1793.0,1864.0,Religious Group (v6),(The gathering of the Messenger of God does not falter)وجمع رسول الله لا يتشعث
1940,1950.0,2023.0,Religious Group (v6),"The Holy Apostles Community, Ori-Oke Iwamimo"
1943,1990.0,2020.0,Religious Group (v6),Cult of Gauchito Gil
1961,1990.0,2023.0,Religious Group (v6),"Grace Covenant Centre, Ado-Ekiti"
1971,-600.0,-550.0,Religious Text (v1.0),The Homeric Hymn to Demeter
1972,1970.0,2000.0,Religious Group (v6),Shepherding Movement
1973,-655.0,-522.0,Religious Text (v1.0),The Homeric Hymn to Apollo
1976,916.0,991.0,Religious Text (v1.0),Who is not assisted by the religious scholar(The Jurist) (Man La Yahdhuruhu al-Faqih) من لا يحضره الفقيه
1979,-550.0,-500.0,Religious Text (v1.0),The Homeric Hymn to Hermes
1981,1246.0,1332.0,Religious Text (v1.0),(Guiding the traveler to the most honorable path in the jurisprudence of Imam Malik.)إرشاد السالك إلى أشرف المسالك في فقه الإمام مالك
1983,400.0,600.0,Religious Group (v6),Early Byzantine Asceticism
1985,34.0,638.0,Religious Group (v6),Christianity in Antioch. From the Apostolic Era to the Islamic conquest
1989,-600.0,300.0,Religious Group (v6),Iron Age Celtic Spain and Portugal (Celtiberia)
1991,1804.0,1903.0,Religious Text (v1.0),(Laws of Sharia rulings and issues of the branches of jurisprudence.) قوانين الأحكام الشرعية ومسائل الفروع الفقهية
1993,-600.0,400.0,Religious Group (v6),Ancient Boeotians
1996,-138.0,-128.0,Religious Text (v1.0),Delphic Hymns 1 and 2
1997,300.0,500.0,Religious Text (v1.0),Hundred and eighty precepts of Lord Lao
1998,635.0,1000.0,Religious Text (v1.0),The Chinese Christian scroll Pelliot chinois 3847
2001,-700.0,-500.0,Religious Text (v1.0),The Book of Deuteronomy
2008,1804.0,1903.0,Religious Text (v1.0),(The beginning of the diligent and the end of the frugal) بداية المجتهد ونهاية المقتصد
2009,-800.0,300.0,Religious Group (v6),Ancient Arcadians
2016,-909.0,1171.0,Religious Group (v6),الدولة الفاطمية 909 - 1171م
2021,1905.0,2023.0,Religious Group (v6),The United Missionary Church of Africa
2023,971.0,1152.0,Religious Group (v6),الدولة الزيرية 971 - 1152
2025,1000.0,1898.0,Religious Text (v1.0),"The Satisfaction of Souls and Words of the Wise concerning the scholars and righteous ones buried in Fez, by Muhammad ibn Ja'far al-Kattani"
2027,1953.0,2023.0,Religious Group (v6),Hizb-ut-Tahrir
2031,800.0,909.0,Religious Group (v6),الدولة الأغلبية  184-296 هجري
2032,-1767.0,1828.0,Religious Text (v1.0),(The light of the rulers regarding what is best for them and on them) ضياء الحكام فيما لهم وعليهم من الأحكم
2038,1000.0,1300.0,Religious Group (v6),"Cathars, Catharism, Albigenses, Albigensians, Cathari, Catharistae, ""Pure Christians"""
2040,-1752.0,1804.0,Religious Text (v1.0),(Condolences to the Al-Azhar community) المقدمة العزية للجماعة الأزهرية
2046,1905.0,1935.0,Religious Text (v1.0),L'Interprétation du Coran Intitulé Tafsir al-Manar تفسير المنار
2048,-777.0,909.0,Religious Group (v6),الدولة الرستمية
2053,1804.0,1903.0,Religious Text (v1.0),(Alert the unwary)تنبيه الغافلين
2055,-1800.0,-600.0,Religious Text (v1.0),An Akkadian Tamitu-Query
2059,1804.0,1903.0,Religious Text (v1.0),(The Garden of Knowers)بستان العارفين
2064,1911.0,1998.0,Religious Text (v1.0),Sha'rawi interpretation of the Coran تفسير محمّد متولّي الشعراوي
2069,1969.0,2022.0,Religious Group (v6),L'ordre Soufi Qasimite Hadfite الطريقة الصوفية القاسميّة الهادفية
2072,700.0,900.0,Religious Text (v1.0),Unguja Ukuu Amulet Seal
2074,1905.0,1906.0,Religious Group (v6),"Revolutionary Mahdism and Resistance to Colonial Rule in the Sokoto Caliphate, 1905-1906"
2075,600.0,671.0,Religious Text (v1.0),L'Interprétation du Coran Intituléتفسير الجامع لأحكام ا Tafsir  Al-Jami' li Ahkam Al Coran par Al-Qurtubi تفسير الجامع لأحكام القرآن للقرطبي
2076,1107.0,2023.0,Religious Text (v1.0),Kizimkazi Dimbani Mosque Inscription
2077,1812.0,1828.0,Religious Text (v1.0),ضياء السياسات والفتاوى والنوازل مما هو في فروع الدين من المسائل
2078,1149.0,1208.0,Religious Text (v1.0),"L'Interprétation du Coran ""Clés de l'Invisible"" تفسير ""مفاتيح الغيب"""
2079,1804.0,1903.0,Religious Text (v1.0),(Jewels of meanings and fulfillment of wishes)جواهر المعاني و بلوغ الأماني
2082,1804.0,1903.0,Religious Text (v1.0),(The spears of the Merciful Party on the Throat of the Servants of the Merciful.) رماح حزب الرحيم على نحور حزب الرحيم
2083,1900.0,1975.0,Religious Text (v1.0),(The spirit of Morality)روح الأدب
2085,1766.0,1828.0,Religious Text (v1.0),الحصن الرصين في علم التصريف
2087,224.0,310.0,Religious Text (v1.0),"Al-Tabari’s interpretation of the Qur’an تفسير الطبري""جامع البيان في تأويل آي القرآن """
2088,1766.0,1828.0,Religious Text (v1.0),مصباح الراوي في علم الحديث
2089,1974.0,2023.0,Religious Group (v6),L'ordre Soufit karkariya en Tunisie الطريقة الكركرية في تونس
2090,1892.0,1976.0,Religious Text (v1.0),أسهل المدارك شرح إرشاد السالك في فقه إمام الأئمة مالك
2092,716.0,803.0,Religious Text (v1.0),Interpretation of Imam Ibn Arafaتفسير الامام ابن عرفة الورغمّي
2094,100.0,1521.0,Religious Group (v6),Feathered Serpent's cult
2100,1235.0,1554.0,Religious Group (v6),الدولة الزيانية
2101,1126.0,1198.0,Religious Text (v1.0),"Le livre Fasl al-Maqal d'Ibn Rushd concernant le lien entre la sagesse et la charia""فصل المقال فيما بين الحكمة والشريعة من اتّصال"
2103,1804.0,1903.0,Religious Text (v1.0),"(Revising the strong statement, an explanation of the chapter on hadith) تنقيح القول الحثيث شرح لباب الحديث"
2111,700.0,1463.0,Religious Group (v6),Tsinburbura Traditional Religion
2114,1837.0,1990.0,Religious Group (v6),Tijaniyyah Sufi Movement in North-Western Nigeria
2116,1804.0,1923.0,Religious Group (v6),Qadiriyyah Movement in the Sokoto Caliphate.
